company,description,id,location,title
HealthAI,Build and deploy blockchain applications.,1,Austin,Blockchain Developer
DataWorld,Develop strategies for business optimization.,2,Austin,Project Manager
TechCorp,Develop strategies for business optimization.,3,Remote,Data Scientist
HealthAI,Design user interfaces and improve UX.,4,Remote,Backend Developer
AI Corp,Develop strategies for business optimization.,5,Remote,Backend Developer
HealthAI,Analyze and interpret data trends.,6,Boston,Project Manager
TechCorp,Analyze and interpret data trends.,7,Seattle,Frontend Developer
AI Corp,Develop strategies for business optimization.,8,New York City,Frontend Developer
FinTech Solutions,Develop strategies for business optimization.,9,New York City,Project Manager
AI Corp,Analyze and interpret data trends.,10,Seattle,Data Scientist
TechCorp,Design user interfaces and improve UX.,11,New York City,Backend Developer
CryptoHub,Build and deploy blockchain applications.,12,New York City,Data Scientist
CryptoHub,Build and deploy blockchain applications.,13,Seattle,Blockchain Developer
CryptoHub,Build and deploy blockchain applications.,14,Seattle,Blockchain Developer
DataWorld,Lead teams and manage projects.,15,Boston,Backend Developer
DataWorld,Design user interfaces and improve UX.,16,San Francisco,Backend Developer
AI Corp,Analyze and interpret data trends.,17,San Francisco,Frontend Developer
TechCorp,Develop strategies for business optimization.,18,San Francisco,Blockchain Developer
HealthAI,Create and maintain backend systems.,19,Seattle,Frontend Developer
FinTech Solutions,Design user interfaces and improve UX.,20,Remote,Backend Developer
AI Corp,Design user interfaces and improve UX.,21,Boston,Data Scientist
AI Corp,Design user interfaces and improve UX.,22,Boston,Backend Developer
HealthAI,Lead teams and manage projects.,23,New York City,Data Scientist
HealthAI,Create and maintain backend systems.,24,Remote,Data Scientist
AI Corp,Analyze and interpret data trends.,25,San Francisco,Frontend Developer
TechCorp,Analyze and interpret data trends.,26,Austin,Backend Developer
CryptoHub,Design user interfaces and improve UX.,27,Remote,Project Manager
AI Corp,Build and deploy blockchain applications.,28,Austin,Blockchain Developer
AI Corp,Design user interfaces and improve UX.,29,Austin,Project Manager
DataWorld,Design user interfaces and improve UX.,30,New York City,Blockchain Developer
CryptoHub,Design user interfaces and improve UX.,31,New York City,Frontend Developer
TechCorp,Build and deploy blockchain applications.,32,San Francisco,Backend Developer
HealthAI,Design user interfaces and improve UX.,33,Austin,Project Manager
FinTech Solutions,Create and maintain backend systems.,34,Boston,Backend Developer
AI Corp,Develop strategies for business optimization.,35,Seattle,Data Scientist
CryptoHub,Build and deploy blockchain applications.,36,Boston,Frontend Developer
CryptoHub,Create and maintain backend systems.,37,Seattle,Business Analyst
AI Corp,Analyze and interpret data trends.,38,New York City,Frontend Developer
AI Corp,Create and maintain backend systems.,39,Austin,Project Manager
AI Corp,Design user interfaces and improve UX.,40,San Francisco,Project Manager
CryptoHub,Develop strategies for business optimization.,41,San Francisco,Backend Developer
FinTech Solutions,Analyze and interpret data trends.,42,Boston,Backend Developer
AI Corp,Lead teams and manage projects.,43,San Francisco,Business Analyst
FinTech Solutions,Develop strategies for business optimization.,44,New York City,Backend Developer
FinTech Solutions,Analyze and interpret data trends.,45,Boston,Frontend Developer
CryptoHub,Create and maintain backend systems.,46,San Francisco,Business Analyst
AI Corp,Design user interfaces and improve UX.,47,Boston,Frontend Developer
CryptoHub,Develop strategies for business optimization.,48,Austin,Frontend Developer
AI Corp,Design user interfaces and improve UX.,49,Seattle,Backend Developer
CryptoHub,Lead teams and manage projects.,50,Remote,Blockchain Developer
FinTech Solutions,Analyze and interpret data trends.,51,San Francisco,Project Manager
HealthAI,Create and maintain backend systems.,52,Austin,Business Analyst
HealthAI,Develop strategies for business optimization.,53,Austin,Project Manager
CryptoHub,Analyze and interpret data trends.,54,Austin,Project Manager
FinTech Solutions,Lead teams and manage projects.,55,Seattle,Blockchain Developer
DataWorld,Lead teams and manage projects.,56,Austin,Data Scientist
CryptoHub,Analyze and interpret data trends.,57,Boston,Business Analyst
AI Corp,Build and deploy blockchain applications.,58,New York City,Blockchain Developer
TechCorp,Build and deploy blockchain applications.,59,Boston,Backend Developer
CryptoHub,Design user interfaces and improve UX.,60,San Francisco,Business Analyst
AI Corp,Build and deploy blockchain applications.,61,New York City,Project Manager
DataWorld,Lead teams and manage projects.,62,Remote,Blockchain Developer
AI Corp,Design user interfaces and improve UX.,63,Remote,Frontend Developer
FinTech Solutions,Create and maintain backend systems.,64,Austin,Frontend Developer
CryptoHub,Develop strategies for business optimization.,65,Remote,Business Analyst
AI Corp,Build and deploy blockchain applications.,66,New York City,Backend Developer
AI Corp,Develop strategies for business optimization.,67,Seattle,Business Analyst
FinTech Solutions,Analyze and interpret data trends.,68,San Francisco,Blockchain Developer
CryptoHub,Analyze and interpret data trends.,69,New York City,Project Manager
HealthAI,Create and maintain backend systems.,70,San Francisco,Business Analyst
FinTech Solutions,Analyze and interpret data trends.,71,Austin,Data Scientist
HealthAI,Design user interfaces and improve UX.,72,Remote,Blockchain Developer
DataWorld,Develop strategies for business optimization.,73,Austin,Backend Developer
CryptoHub,Analyze and interpret data trends.,74,Austin,Frontend Developer
TechCorp,Create and maintain backend systems.,75,Seattle,Data Scientist
DataWorld,Build and deploy blockchain applications.,76,Austin,Project Manager
DataWorld,Analyze and interpret data trends.,77,New York City,Backend Developer
CryptoHub,Create and maintain backend systems.,78,New York City,Backend Developer
DataWorld,Develop strategies for business optimization.,79,Remote,Backend Developer
HealthAI,Create and maintain backend systems.,80,New York City,Data Scientist
FinTech Solutions,Lead teams and manage projects.,81,New York City,Frontend Developer
CryptoHub,Develop strategies for business optimization.,82,San Francisco,Backend Developer
AI Corp,Create and maintain backend systems.,83,Boston,Project Manager
AI Corp,Analyze and interpret data trends.,84,Boston,Business Analyst
DataWorld,Develop strategies for business optimization.,85,Austin,Project Manager
CryptoHub,Analyze and interpret data trends.,86,New York City,Project Manager
AI Corp,Build and deploy blockchain applications.,87,San Francisco,Frontend Developer
TechCorp,Analyze and interpret data trends.,88,San Francisco,Data Scientist
TechCorp,Analyze and interpret data trends.,89,New York City,Blockchain Developer
HealthAI,Create and maintain backend systems.,90,San Francisco,Blockchain Developer
AI Corp,Create and maintain backend systems.,91,New York City,Business Analyst
FinTech Solutions,Create and maintain backend systems.,92,Remote,Data Scientist
CryptoHub,Analyze and interpret data trends.,93,Seattle,Blockchain Developer
FinTech Solutions,Develop strategies for business optimization.,94,Austin,Project Manager
CryptoHub,Design user interfaces and improve UX.,95,Seattle,Blockchain Developer
TechCorp,Design user interfaces and improve UX.,96,San Francisco,Blockchain Developer
CryptoHub,Develop strategies for business optimization.,97,Austin,Business Analyst
HealthAI,Design user interfaces and improve UX.,98,San Francisco,Backend Developer
FinTech Solutions,Develop strategies for business optimization.,99,San Francisco,Blockchain Developer
TechCorp,Build and deploy blockchain applications.,100,Seattle,Data Scientist
DataWorld,Develop strategies for business optimization.,101,New York City,Business Analyst
HealthAI,Build and deploy blockchain applications.,102,Seattle,Data Scientist
TechCorp,Create and maintain backend systems.,103,San Francisco,Blockchain Developer
FinTech Solutions,Lead teams and manage projects.,104,Seattle,Frontend Developer
TechCorp,Analyze and interpret data trends.,105,Boston,Frontend Developer
DataWorld,Design user interfaces and improve UX.,106,New York City,Data Scientist
CryptoHub,Develop strategies for business optimization.,107,Austin,Blockchain Developer
DataWorld,Build and deploy blockchain applications.,108,San Francisco,Business Analyst
AI Corp,Design user interfaces and improve UX.,109,New York City,Business Analyst
DataWorld,Design user interfaces and improve UX.,110,Seattle,Frontend Developer
AI Corp,Develop strategies for business optimization.,111,San Francisco,Business Analyst
CryptoHub,Lead teams and manage projects.,112,Boston,Business Analyst
CryptoHub,Build and deploy blockchain applications.,113,Austin,Project Manager
CryptoHub,Build and deploy blockchain applications.,114,Austin,Backend Developer
HealthAI,Lead teams and manage projects.,115,New York City,Frontend Developer
DataWorld,Lead teams and manage projects.,116,Boston,Frontend Developer
HealthAI,Develop strategies for business optimization.,117,San Francisco,Blockchain Developer
HealthAI,Develop strategies for business optimization.,118,Austin,Blockchain Developer
CryptoHub,Develop strategies for business optimization.,119,New York City,Business Analyst
DataWorld,Lead teams and manage projects.,120,New York City,Business Analyst
CryptoHub,Create and maintain backend systems.,121,Austin,Data Scientist
HealthAI,Lead teams and manage projects.,122,Remote,Project Manager
TechCorp,Develop strategies for business optimization.,123,New York City,Business Analyst
DataWorld,Design user interfaces and improve UX.,124,San Francisco,Frontend Developer
CryptoHub,Build and deploy blockchain applications.,125,Austin,Project Manager
FinTech Solutions,Lead teams and manage projects.,126,Austin,Project Manager
HealthAI,Lead teams and manage projects.,127,New York City,Business Analyst
TechCorp,Develop strategies for business optimization.,128,Boston,Backend Developer
DataWorld,Lead teams and manage projects.,129,Austin,Blockchain Developer
DataWorld,Develop strategies for business optimization.,130,New York City,Frontend Developer
AI Corp,Design user interfaces and improve UX.,131,New York City,Data Scientist
HealthAI,Create and maintain backend systems.,132,Seattle,Project Manager
DataWorld,Build and deploy blockchain applications.,133,Seattle,Blockchain Developer
CryptoHub,Develop strategies for business optimization.,134,San Francisco,Backend Developer
DataWorld,Analyze and interpret data trends.,135,Remote,Backend Developer
CryptoHub,Design user interfaces and improve UX.,136,Austin,Blockchain Developer
TechCorp,Design user interfaces and improve UX.,137,Boston,Business Analyst
FinTech Solutions,Build and deploy blockchain applications.,138,Boston,Frontend Developer
TechCorp,Create and maintain backend systems.,139,New York City,Project Manager
FinTech Solutions,Build and deploy blockchain applications.,140,New York City,Project Manager
CryptoHub,Develop strategies for business optimization.,141,Remote,Data Scientist
FinTech Solutions,Develop strategies for business optimization.,142,Austin,Frontend Developer
FinTech Solutions,Lead teams and manage projects.,143,San Francisco,Blockchain Developer
TechCorp,Design user interfaces and improve UX.,144,Boston,Blockchain Developer
DataWorld,Build and deploy blockchain applications.,145,Remote,Blockchain Developer
TechCorp,Design user interfaces and improve UX.,146,Seattle,Data Scientist
AI Corp,Develop strategies for business optimization.,147,Remote,Data Scientist
DataWorld,Develop strategies for business optimization.,148,Remote,Data Scientist
AI Corp,Develop strategies for business optimization.,149,Seattle,Project Manager
TechCorp,Analyze and interpret data trends.,150,San Francisco,Project Manager
TechCorp,Design user interfaces and improve UX.,151,Austin,Data Scientist
AI Corp,Develop strategies for business optimization.,152,Remote,Frontend Developer
DataWorld,Build and deploy blockchain applications.,153,Boston,Blockchain Developer
AI Corp,Lead teams and manage projects.,154,New York City,Business Analyst
CryptoHub,Build and deploy blockchain applications.,155,Austin,Backend Developer
CryptoHub,Build and deploy blockchain applications.,156,Boston,Business Analyst
TechCorp,Develop strategies for business optimization.,157,New York City,Project Manager
HealthAI,Build and deploy blockchain applications.,158,Remote,Project Manager
AI Corp,Design user interfaces and improve UX.,159,Seattle,Data Scientist
AI Corp,Analyze and interpret data trends.,160,New York City,Project Manager
CryptoHub,Lead teams and manage projects.,161,New York City,Data Scientist
FinTech Solutions,Analyze and interpret data trends.,162,Seattle,Project Manager
DataWorld,Analyze and interpret data trends.,163,Austin,Frontend Developer
FinTech Solutions,Develop strategies for business optimization.,164,San Francisco,Backend Developer
CryptoHub,Build and deploy blockchain applications.,165,San Francisco,Blockchain Developer
CryptoHub,Lead teams and manage projects.,166,San Francisco,Project Manager
HealthAI,Lead teams and manage projects.,167,San Francisco,Blockchain Developer
DataWorld,Design user interfaces and improve UX.,168,San Francisco,Project Manager
HealthAI,Design user interfaces and improve UX.,169,Seattle,Business Analyst
FinTech Solutions,Create and maintain backend systems.,170,Seattle,Data Scientist
TechCorp,Analyze and interpret data trends.,171,New York City,Project Manager
FinTech Solutions,Analyze and interpret data trends.,172,San Francisco,Project Manager
CryptoHub,Develop strategies for business optimization.,173,San Francisco,Backend Developer
TechCorp,Build and deploy blockchain applications.,174,San Francisco,Backend Developer
CryptoHub,Build and deploy blockchain applications.,175,New York City,Project Manager
FinTech Solutions,Design user interfaces and improve UX.,176,San Francisco,Frontend Developer
DataWorld,Create and maintain backend systems.,177,Boston,Project Manager
AI Corp,Lead teams and manage projects.,178,New York City,Blockchain Developer
CryptoHub,Create and maintain backend systems.,179,San Francisco,Frontend Developer
HealthAI,Design user interfaces and improve UX.,180,Boston,Backend Developer
AI Corp,Design user interfaces and improve UX.,181,San Francisco,Backend Developer
AI Corp,Lead teams and manage projects.,182,Remote,Blockchain Developer
DataWorld,Analyze and interpret data trends.,183,Boston,Frontend Developer
DataWorld,Design user interfaces and improve UX.,184,New York City,Business Analyst
FinTech Solutions,Develop strategies for business optimization.,185,San Francisco,Blockchain Developer
TechCorp,Lead teams and manage projects.,186,New York City,Backend Developer
HealthAI,Create and maintain backend systems.,187,San Francisco,Project Manager
TechCorp,Design user interfaces and improve UX.,188,San Francisco,Business Analyst
DataWorld,Lead teams and manage projects.,189,Remote,Data Scientist
CryptoHub,Develop strategies for business optimization.,190,New York City,Data Scientist
AI Corp,Create and maintain backend systems.,191,New York City,Blockchain Developer
HealthAI,Design user interfaces and improve UX.,192,San Francisco,Blockchain Developer
DataWorld,Create and maintain backend systems.,193,Austin,Project Manager
TechCorp,Build and deploy blockchain applications.,194,Seattle,Backend Developer
HealthAI,Lead teams and manage projects.,195,Remote,Business Analyst
AI Corp,Design user interfaces and improve UX.,196,San Francisco,Frontend Developer
AI Corp,Lead teams and manage projects.,197,Austin,Business Analyst
HealthAI,Lead teams and manage projects.,198,Austin,Data Scientist
AI Corp,Create and maintain backend systems.,199,Austin,Backend Developer
FinTech Solutions,Design user interfaces and improve UX.,200,Boston,Project Manager
